기업명,최저_연봉,최고_연봉,평균_연봉
에이엠(주),"3,688만원","7,854만원","7,177만원"
(주)티오에스코리아,"2,364만원","4,574만원","3,225만원"
(주)신한저축은행,"4,387만원","9,885만원","8,822만원"
(주)에이치에스씨엠티,"3,478만원","7,434만원","6,356만원"
주식회사 휴비즈,"2,808만원","6,569만원","4,299만원"
(주)코리아인,"2,454만원","4,611만원","3,278만원"
SK텔레콤(주),"6,187만원","14,769만원","15,136만원"
한국평가데이터(주),"4,478만원","10,468만원","8,750만원"
(주)한국갤럽조사연구소,"3,069만원","7,386만원","5,322만원"
에이스휴먼파워(주),"2,512만원","4,715만원","3,449만원"
(주)인텔리빅스,"3,223만원","7,374만원","5,853만원"
엔에이치투자증권(주),"6,185만원","14,238만원","13,796만원"
넛지헬스케어(주),"2,763만원","5,943만원","3,818만원"
웨이즈원(주),"2,987만원","6,696만원","5,139만원"
(주)씨아이템프러리,"2,555만원","5,201만원","4,002만원"
(주)엔씨아이티에스,"3,691만원","8,161만원","7,329만원"
하나증권(주),"4,661만원","11,478만원","9,147만원"
(주)사람인에이치에스,"2,562만원","4,915만원","3,589만원"
동호에이치알(주),"2,577만원","4,964만원","3,650만원"
티맵모빌리티(주),"4,492만원","9,636만원","9,119만원"
(주)컬리넥스트마일,"3,142만원","6,599만원","5,464만원"
(주)앰진,"3,105만원","7,175만원","5,390만원"
(주)마크클라우드,"2,797만원","6,348만원","4,428만원"
한국피앤지(유),"5,138만원","9,308만원","9,883만원"
(사)한국아이씨티에이아이기술협회,"3,028만원","5,655만원","4,624만원"
(주)비하베스트,"3,601만원","7,972만원","6,459만원"
(주)엠제이코리아,"2,824만원","5,799만원","4,268만원"
전국렌터카공제조합,"4,320만원","10,156만원","8,213만원"
(주)제이슨,"3,395만원","7,713만원","5,988만원"
(주)아크릴,"3,134만원","7,540만원","5,482만원"
(주)트리플하이엠,"2,900만원","6,486만원","4,744만원"
(주)퍼포먼스바이티비더블유에이,"2,893만원","6,520만원","4,732만원"
더큼(주),"2,568만원","5,205만원","3,951만원"
(주)클루커스,"2,910만원","6,814만원","4,743만원"
주식회사 빅밸류,"3,483만원","7,837만원","6,182만원"
(주)딥브레인에이아이,"4,306만원","8,907만원","8,171만원"
(주)디케이테크인,"3,101만원","6,967만원","5,677만원"
(주)포지큐브,"3,686만원","7,986만원","6,646만원"
(주)밀리웨이,"3,871만원","7,313만원","6,690만원"
(주)스카이월드와이드,"2,919만원","7,240만원","4,915만원"
(주)크래프톤,"4,867만원","10,799만원","9,743만원"
㈜와이즈넛,"3,116만원","7,588만원","5,532만원"
(주)시큐어포인트,"3,334만원","7,531만원","5,806만원"
(주)엔미디어플랫폼,"3,452만원","7,848만원","6,576만원"
(주)이크레더블,"3,418만원","7,536만원","6,225만원"
올거나이즈코리아(주),"4,259만원","9,083만원","8,248만원"
(주)에스앤제이코어,"2,657만원","5,879만원","4,187만원"
(주)시스트란,"3,458만원","8,100만원","6,877만원"
(주)한국사업자경험,"2,987만원","6,673만원","5,070만원"
메가존소프트(주),"3,611만원","8,270만원","7,076만원"
(주)경동도시가스,"5,048만원","9,632만원","9,348만원"
(주)펀진,"3,894만원","8,430만원","7,250만원"
(주)카카오엔터테인먼트,"3,858만원","9,606만원","9,014만원"
메가존클라우드(주),"3,874만원","8,393만원","7,146만원"
(주)오디너리크파트너스,"2,972만원","5,796만원","4,363만원"
(주)미소정보기술,"3,177만원","7,225만원","5,736만원"
(주)지지옥션,"2,938만원","5,931만원","4,918만원"
(주)휴머스온,"3,179만원","7,243만원","5,734만원"
(주)메이아이,"3,469만원","8,132만원","6,923만원"
(주)이너버스,"3,393만원","7,695만원","5,982만원"
"(주)브레이브모바일(숨고, Soomgo)","3,079만원","7,118만원","5,472만원"
(주)메이사,"3,664만원","8,231만원","6,667만원"
(주)라스커,"2,280만원","5,296만원","2,874만원"
(주)한국에스리,"3,462만원","7,566만원","6,341만원"
주식회사 에스티씨랩,"3,434만원","7,843만원","6,519만원"
(주)크레이버코퍼레이션,"3,057만원","6,666만원","5,257만원"
(주)채널코퍼레이션,"4,035만원","9,593만원","8,417만원"
(주)업스테이지,"4,371만원","10,159만원","8,631만원"
(주)베스텔라랩,"2,915만원","6,305만원","4,753만원"
(주)모빌린트,"3,967만원","9,194만원","8,176만원"
리디(주),"3,080만원","7,303만원","5,589만원"
(주)이스트소프트,"3,081만원","7,289만원","5,481만원"
(주)에스투더블유,"3,772만원","8,677만원","7,579만원"
(주)케이에스씨앤씨,"3,084만원","7,289만원","5,344만원"
(주)네이블,"3,466만원","7,921만원","6,620만원"
에이아이콴텍 주식회사,"4,078만원","8,936만원","7,421만원"
시큐레터(주),"3,656만원","8,215만원","6,636만원"
(주)이글루코퍼레이션,"2,905만원","6,683만원","4,698만원"
엔카닷컴(주),"3,111만원","6,949만원","5,517만원"
(주)인텔리코드,"3,109만원","7,115만원","5,576만원"
블루닷(주),"3,602만원","8,252만원","6,842만원"
(주)엠더블유네트웍스,"2,959만원","6,257만원","5,003만원"
(주)기어세컨드,"3,075만원","6,745만원","5,296만원"
(주)에스피파트너스,"2,812만원","6,508만원","4,316만원"
(주)그루텍,"2,553만원","5,354만원","3,143만원"
(주)딥노이드,"3,103만원","7,385만원","5,569만원"
(주)리마커블교육,"2,627만원","5,542만원","4,147만원"
(주)소타텍코리아,"2,977만원","6,783만원","5,088만원"
(주)쓰리아이,"3,627만원","7,960만원","7,107만원"
(주)아이이에이,"2,581만원","6,229만원","3,933만원"
팀스파르타(주),"2,572만원","5,466만원","4,006만원"
(주)뷰런테크놀로지,"3,051만원","7,029만원","5,370만원"
(주)플래티어,"3,301만원","7,498만원","6,097만원"
(주)디에스앤지,"3,728만원","7,910만원","6,773만원"
콘텐츠웨이브(주),"4,334만원","10,149만원","8,420만원"
(주)브이피피랩,"3,349만원","7,160만원","5,850만원"
(주)유베이스,"2,473만원","4,472만원","3,194만원"
주식회사 페이블랩,"3,776만원","7,697만원","6,661만원"
(주)빗썸코리아,"4,378만원","10,125만원","8,703만원"
이니텍(주),"3,425만원","7,714만원","6,028만원"
아일리스프런티어(주),"3,461만원","8,109만원","6,890만원"
(주)비바이노베이션,"3,243만원","7,521만원","5,682만원"
(주)코레이즈홀딩스,"2,587만원","6,163만원","3,932만원"
(주)진인프라,"3,124만원","6,938만원","5,442만원"
(주)나눔스페이스,"2,941만원","6,708만원","4,960만원"
(주)넥서스커뮤니티,"3,709만원","8,443만원","7,382만원"
(주)케이티디에스,"4,385만원","9,451만원","8,580만원"
(주)마인즈앤컴퍼니,"3,788만원","8,275만원","7,425만원"
(주)유비씨,"2,891만원","6,834만원","4,800만원"
(주)스마트인사이드에이아이,"2,590만원","5,892만원","4,011만원"
(주)와따에이아이,"3,600만원","8,166만원","7,018만원"
(주)네트로,"3,010만원","6,858만원","5,205만원"
(주)비바리퍼블리카,"5,059만원","10,057만원","8,747만원"
(주)카카오페이,"4,294만원","10,016만원","8,257만원"
엔에이치엔(주),"4,231만원","9,914만원","8,243만원"
매드업,"2,973만원","7,003만원","5,187만원"
(주)코아아이티,"2,794만원","6,481만원","4,506만원"
(주)고우아이티,"3,184만원","7,305만원","5,754만원"
(주)사이버다임,"3,273만원","7,561만원","6,010만원"
(주)웰로,"3,009만원","6,480만원","5,105만원"
(주)엑셈,"3,417만원","8,341만원","6,162만원"
서울대학교병원,"3,263만원","6,082만원","5,248만원"
(주)데이터누리,"3,110만원","7,199만원","5,584만원"
(주)투이컨설팅,"3,691만원","9,048만원","7,325만원"
(주)메이머스트,"3,443만원","7,556만원","6,248만원"
(주)씨알에스큐브,"3,308만원","8,015만원","6,123만원"
(주)씨앤에이아이,"3,475만원","8,141만원","6,947만원"
(주)바이스벌사,"3,414만원","7,696만원","6,434만원"
(주)트라이얼인포매틱스,"3,043만원","7,011만원","5,338만원"
(주)엠트리센,"3,618만원","7,529만원","6,917만원"
(주)아이브,"3,980만원","8,556만원","7,704만원"
(주)어반데이터랩,"3,269만원","7,243만원","5,763만원"
(주)뉴엔에이아이,"3,071만원","7,106만원","5,441만원"
(주)시어스랩,"3,795만원","8,660만원","7,653만원"
(주)모빅랩,"3,800만원","8,663만원","7,647만원"
(주)피알원,"2,864만원","6,443만원","4,630만원"
(주)더존비즈온,"3,243만원","7,195만원","5,698만원"
(주)데이터유니버스,"3,323만원","7,567만원","6,169만원"
(주)아하랩스,"3,509만원","8,008만원","6,736만원"
마인드원(주),"3,384만원","7,793만원","6,345만원"
(주)헥토데이터,"3,322만원","7,697만원","6,297만원"
(주)포니링크,"3,019만원","6,589만원","5,143만원"
렉스소프트(주),"3,074만원","7,176만원","5,294만원"
(주)한싹,"2,965만원","6,813만원","5,051만원"
(주)씨에스리,"2,819만원","6,289만원","4,248만원"
에이플랫폼(주),"3,226만원","7,291만원","5,845만원"
(주)퍼플아카데미,"2,552만원","5,312만원","3,911만원"
(주)애드팝콘,"3,587만원","7,976만원","6,832만원"
슈어데이터랩(주),"3,307만원","7,556만원","6,218만원"
㈜아이엔소프트,"3,498만원","7,810만원","6,721만원"
(주)미디어윌네트웍스,"3,049만원","6,570만원","5,228만원"
(주)코딧,"2,843만원","6,256만원","4,335만원"
(주)인크로스,"2,975만원","7,186만원","5,448만원"
솔트웨어(주),"2,900만원","6,471만원","4,312만원"
(주)엠투커뮤니티,"2,926만원","6,670만원","4,922만원"
(주)아이트럭,"3,065만원","7,107만원","5,265만원"
(주)아이리브,"4,213만원","8,732만원","8,123만원"
(주)딥인사이트,"4,052만원","8,795만원","7,666만원"
(주)날리지큐브,"3,439만원","7,642만원","6,291만원"
주식회사포인랩,"4,672만원","9,925만원","8,514만원"
국립중앙의료원,"3,530만원","6,941만원","6,827만원"
(주)파인앤애플시스템즈,"3,869만원","7,401만원","6,589만원"
알비에치(주),"3,770만원","8,134만원","6,730만원"
하이퍼커넥트 유한책임회사,"4,124만원","10,846만원","9,167만원"
(주)에이아이네이션,"3,480만원","8,153만원","6,969만원"
(주)포소드,"3,422만원","6,921만원","5,975만원"
(주)모핑아이,"2,806만원","6,368만원","4,464만원"
(주)리드워크,"2,576만원","5,769만원","3,596만원"
(주)시큐브,"3,411만원","7,803만원","6,447만원"
지미디어(주),"3,613만원","7,696만원","6,879만원"
(주)오션정보기술,"2,962만원","6,843만원","5,049만원"
(주)심네트,"3,012만원","6,735만원","5,224만원"
지니언스(주),"3,443만원","8,106만원","6,837만원"
(주)퀀텀에이아이,"2,987만원","6,805만원","5,128만원"
(주)로이드케이,"2,874만원","6,544만원","4,621만원"
(주)더컴퍼니,"2,705만원","6,119만원","4,192만원"
(주)에이아이트릭스,"3,896만원","9,168만원","7,968만원"
트리노드 주식회사,"3,459만원","8,608만원","6,354만원"
(주)어센트코리아,"3,426만원","7,933만원","6,494만원"
(주)아티언스,"3,072만원","7,027만원","5,308만원"
(주)다비오,"3,666만원","8,249만원","7,248만원"
이스트시큐리티,"3,521만원","8,122만원","6,792만원"
에이케이아이에스(주),"3,907만원","8,748만원","7,145만원"
(주)에프엘이에스,"2,208만원","5,215만원","2,649만원"
(주) 더블유닷에이아이,"4,597만원","9,045만원","7,858만원"
㈜다날,"3,184만원","7,971만원","5,766만원"
(주)제니스클라우드,"3,020만원","7,152만원","5,256만원"
카페24(주),"3,633만원","7,571만원","6,764만원"
에버엑스 주식회사,"3,448만원","7,192만원","6,011만원"
소방청,"2,453만원","5,264만원","3,601만원"
(주)바이오리서치에이아이,"2,835만원","5,970만원","4,383만원"
(주)노르마,"3,275만원","7,520만원","6,003만원"
(주)덱스터스튜디오,"2,744만원","6,208만원","4,336만원"
(주)퓨전소프트,"2,934만원","6,768만원","4,915만원"
(주)커넥트웨이브,"2,799만원","6,741만원","4,278만원"
(주)라텔앤드파트너즈,"3,339만원","7,272만원","5,849만원"
(주)토란,"3,347만원","6,724만원","5,566만원"
어니컴(주),"2,802만원","6,459만원","4,243만원"
(주)퍼스트씨앤디,"3,277만원","6,437만원","5,334만원"
(주)일만백만,"2,852만원","5,853만원","4,345만원"
인포그랩(유),"3,063만원","6,607만원","5,252만원"
(주)바딧,"2,934만원","6,200만원","4,751만원"
안진회계법인,"4,684만원","11,040만원","8,729만원"
(주)에프에스솔루션,"4,003만원","9,305만원","8,285만원"
(주)마크로밀엠브레인,"3,360만원","7,310만원","5,911만원"
(주)써로마인드,"3,604만원","8,011만원","6,468만원"
(사)한국정보통신진흥협회,"4,187만원","8,099만원","8,185만원"
(주)대교씨엔에스,"2,994만원","6,732만원","5,168만원"
(주)엔키아,"3,513만원","7,795만원","6,766만원"
이마고웍스(주),"3,270만원","7,474만원","6,002만원"
(주)디지티모빌리티,"2,958만원","6,888만원","4,982만원"
(주)스펙터,"3,642만원","7,544만원","6,629만원"
(주)아이에스컴퍼니,"2,811만원","5,830만원","4,485만원"
(주)한국이디에스,"2,625만원","6,263만원","3,845만원"
(주)유플러스아이티,"2,818만원","6,544만원","4,354만원"
(주)플레인비트,"3,056만원","6,823만원","5,240만원"
(주)지비소프트,"3,085만원","7,270만원","5,332만원"
(주)바이브온코퍼레이션,"2,998만원","6,829만원","5,172만원"
(주)나온소프트,"3,319만원","7,411만원","6,155만원"
팩트블록(주),"3,445만원","7,345만원","6,067만원"
(주)윕스,"3,202만원","6,901만원","5,681만원"
이데아텍(주),"2,944만원","6,755만원","4,997만원"
(주)라이너스,"2,466만원","5,517만원","3,308만원"
(주)알체라,"2,627만원","5,945만원","3,853만원"
㈜더아이엠씨,"2,596만원","6,059만원","4,014만원"
(주)아이넥스코퍼레이션,"3,656만원","7,747만원","6,955만원"
(주)파인더스,"2,794만원","5,547만원","4,141만원"
㈜지에스아이티엠,"3,585만원","8,343만원","7,438만원"
(주)파이오링크,"3,201만원","7,383만원","5,619만원"
이스트소프트,"3,081만원","7,289만원","5,481만원"
알서포트(주),"3,301만원","7,875만원","6,316만원"
주식회사비큐에이아이,"2,467만원","5,586만원","3,331만원"
(주)센트비,"3,442만원","7,657만원","6,201만원"
주식회사 자이온,"2,878만원","6,761만원","4,636만원"
(주)데일리페이,"3,970만원","8,102만원","7,047만원"
(주)보다나,"2,917만원","6,300만원","4,771만원"
(주)페이먼트인앱,"2,727만원","6,026만원","3,970만원"
(주)마인드에이아이,"3,229만원","7,419만원","5,636만원"
(주)엑스디노드,"2,931만원","6,073만원","4,465만원"
주식회사웨어러블에이아이,"2,575만원","5,276만원","4,007만원"
(주)피엠에스,"2,366만원","5,797만원","3,342만원"
(주)클럼엘,"3,970만원","9,085만원","8,179만원"
(주)이파피루스,"3,464만원","8,140만원","6,614만원"
(주)다이퀘스트,"3,315만원","7,353만원","6,141만원"
아토머스(주),"2,792만원","6,421만원","4,429만원"
(주)두플,"3,877만원","8,684만원","7,316만원"
엔아이티서비스 주식회사,"3,216만원","7,467만원","5,610만원"
(주)이씨에스텔레콤,"4,036만원","9,792만원","8,419만원"
(주)옵트에이아이,"2,959만원","6,745만원","5,017만원"
(주)소프트위즈,"2,898만원","6,835만원","4,828만원"
(주)위볼린,"2,799만원","6,242만원","4,277만원"
(주)에이텍씨앤,"2,631만원","6,015만원","4,107만원"
스마일샤크(주),"3,096만원","7,235만원","5,366만원"
(주)지오투정보기술,"3,112만원","6,945만원","5,405만원"
(주)메가웍스,"2,655만원","5,969만원","3,959만원"
(주)유투바이오,"2,910만원","7,166만원","4,776만원"
(주)클라우드네트웍스,"3,649만원","8,095만원","6,596만원"
(주)씽크풀,"2,977만원","6,559만원","5,024만원"
(주)에이아이콴텍,"4,078만원","8,936만원","7,421만원"
디토닉(주),"3,510만원","8,027만원","6,758만원"
(주)핀크,"4,377만원","9,249만원","8,179만원"
(주)펄어비스,"4,607만원","10,351만원","10,098만원"
(주)카카오뱅크,"5,065만원","11,143만원","10,706만원"
오픈헬스케어(주),"4,376만원","8,892만원","8,382만원"
아이넷캅,"2,995만원","6,889만원","5,053만원"
(주)지오비전,"3,420만원","7,901만원","6,216만원"
코나아이(주),"3,005만원","7,407만원","5,302만원"
(주)큐빅,"3,303만원","7,427만원","6,087만원"
(주)인사이터,"3,169만원","7,770만원","5,574만원"
피아스페이스(주),"2,946만원","6,345만원","4,945만원"
(주)텐소프트웍스,"2,646만원","5,950만원","3,925만원"
(주)에이아이구루,"4,311만원","9,144만원","7,833만원"
(주)엠폴,"3,036만원","6,994만원","5,309만원"
(주)레뷰코퍼레이션,"2,911만원","6,534만원","4,779만원"
비앤에프테크놀로지㈜,"3,075만원","7,069만원","5,463만원"
디에스글로벌 주식회사,"2,545만원","5,694만원","3,800만원"
(주)코아칩스,"3,670만원","7,511만원","6,575만원"
(주)업사이트,"2,453만원","4,653만원","3,055만원"
(주)포스로직,"3,165만원","7,179만원","5,676만원"
(주)씨에이에스,"3,148만원","7,410만원","5,521만원"
(주)쉬모스랩,"3,166만원","7,210만원","5,555만원"
(주)샌즈랩,"2,821만원","6,752만원","4,573만원"
법무법인와이케이,"3,569만원","7,831만원","6,679만원"
(주)엔텔스,"3,309만원","7,616만원","6,122만원"
(주)글로벌아이티정보기술,"3,113만원","6,008만원","4,938만원"
퓨렌스(주),"2,891만원","6,562만원","4,687만원"
핌즈(주),"3,029만원","6,977만원","5,282만원"
(주)그레이비랩,"3,461만원","7,127만원","5,979만원"
세종지능경영원(주),"2,666만원","5,572만원","3,780만원"
(주)스탠스,"3,036만원","6,994만원","5,308만원"
나두모두,"2,553만원","5,759만원","3,854만원"
(주)싸이트플래닝건축사사무소,"2,898만원","6,520만원","4,847만원"
(주)글로벌머니익스프레스,"2,653만원","6,565만원","4,096만원"
(주)엘앤제이테크,"2,813만원","6,251만원","4,219만원"
(주)알스퀘어,"3,706만원","7,323만원","6,687만원"
(주)지니수,"2,587만원","5,254만원","3,556만원"
(주)피닉스다트,"2,891만원","6,795만원","4,626만원"
(주)딥바이오,"3,730만원","8,054만원","6,783만원"
피엠인터내셔널코리아(유),"2,902만원","5,988만원","4,700만원"
(주)포스웨이브,"3,087만원","6,836만원","5,355만원"
(주)모비위드,"3,534만원","7,562만원","6,642만원"
(주)데이터쿡,"3,088만원","6,955만원","5,337만원"
넥스트리서치(주),"3,745만원","7,874만원","6,794만원"
딥퓨전에이아이(주),"4,492만원","8,289만원","8,102만원"
(주)뉴로코어,"3,160만원","7,364만원","5,545만원"
(주)비지에프네트웍스,"3,430만원","7,051만원","6,048만원"
(주)씨어스테크놀로지,"3,664만원","7,598만원","6,598만원"
(주)엠오브에스,"2,914만원","6,436만원","4,869만원"
(주)메쥬,"3,186만원","7,088만원","5,588만원"
(주)티라유텍,"3,269만원","7,443만원","5,996만원"
111퍼센트(주),"3,727만원","8,127만원","6,750만원"
(주)와이즈스톤,"3,044만원","6,834만원","5,340만원"
슈퍼센트(주),"3,142만원","7,070만원","5,509만원"
(주)브이씨,"3,138만원","6,844만원","5,437만원"
(주)휴먼아이티에스,"3,053만원","6,828만원","5,229만원"
엔시큐어(주),"3,119만원","7,546만원","5,434만원"
(주)세이코어,"2,771만원","6,604만원","4,416만원"
위즈코어(주),"3,464만원","7,979만원","6,902만원"
(주)한국픽셀,"2,494만원","5,374만원","3,659만원"
(주)이엠솔루션,"2,793만원","6,340만원","4,412만원"
(주)케이엠에스테크놀로지,"3,429만원","7,724만원","6,484만원"
(주)아이디에스앤트러스트,"3,305만원","7,674만원","6,228만원"
(주)밸류그램컴퍼니,"2,535만원","5,316만원","3,408만원"
㈜동화엔텍,"4,707만원","9,326만원","8,940만원"
아주약품(주),"3,613만원","7,923만원","6,729만원"
(주)엠지데이터시스템,"3,528만원","8,042만원","6,797만원"
(주)올랩컴퍼니,"3,118만원","6,876만원","5,412만원"
(주)두핸즈,"2,867만원","5,995만원","4,626만원"
주식회사 부릉,"3,599만원","7,695만원","6,780만원"
한영회계법인,"4,695만원","11,473만원","8,763만원"
(주)에코브레인,"3,382만원","7,026만원","5,946만원"
(주)야놀자,"3,822만원","8,522만원","7,785만원"
투아이시스(주),"3,479만원","7,541만원","6,344만원"
에스디바이오센서(주),"3,877만원","7,258만원","6,451만원"
(주)지엠코퍼레이션,"2,761만원","5,821만원","3,978만원"
㈜뉴시스통신사,"3,004만원","7,438만원","5,100만원"
(주)휴런,"3,475만원","8,162만원","6,963만원"
(주)릿지트레이딩그룹,"4,808만원","10,667만원","9,097만원"
(주)네오위즈,"4,275만원","8,966만원","8,350만원"
(주)티지에스,"2,548만원","5,444만원","3,793만원"
인카금융서비스(주),"3,117만원","6,583만원","5,435만원"
(주)지오시스템리서치,"3,243만원","7,432만원","5,729만원"
(주)지아이티,"4,021만원","9,523만원","8,836만원"
(주)라이언앤코,"2,812만원","6,346만원","4,303만원"
(주)엔비티,"4,520만원","10,169만원","8,787만원"
(주)닷코,"2,625만원","5,379만원","4,153만원"
(주)한국정보통계,"2,590만원","5,714만원","3,676만원"
(주)온품,"3,977만원","8,337만원","7,338만원"
(주)애드포러스,"3,594만원","7,989만원","6,854만원"
(주)스튜디오갈릴레이,"3,347만원","7,238만원","5,886만원"
(주)루닛,"3,905만원","9,315만원","8,184만원"
주식회사오프리메드,"2,018만원","4,523만원","2,968만원"
(주)아비커스,"4,235만원","9,864만원","9,034만원"
(주)상상스퀘어,"2,828만원","6,209만원","4,359만원"
현대오토에버(주),"4,392만원","10,177만원","9,407만원"
(주)티피씨인터넷,"3,108만원","7,195만원","5,578만원"
(주)텔로스,"2,710만원","6,157만원","4,168만원"
축산물품질평가원,"3,619만원","7,691만원","6,652만원"
(주)써머스플랫폼,"2,837만원","6,505만원","4,597만원"
(주)이지식스,"3,172만원","7,272만원","5,706만원"
라파라드(주),"2,103만원","5,164만원","2,998만원"
(주)네오플,"4,746만원","10,558만원","9,450만원"
(주)이노시그널,"3,112만원","6,227만원","4,913만원"
(주)파수,"3,186만원","7,284만원","5,773만원"
오마이어스(주),"2,096만원","5,597만원","2,950만원"
딜로이트컨설팅(유),"4,339만원","10,415만원","8,805만원"
(주)하이,"2,768만원","6,681만원","4,426만원"
(주)난소프트,"3,448만원","7,757만원","6,542만원"
(주)더블유위안,"3,165만원","6,787만원","5,552만원"
인포그램(주),"3,329만원","7,081만원","5,516만원"
(주)서북,"2,615만원","5,626만원","3,969만원"
(주)에스와이폴라리스,"3,755만원","8,521만원","7,505만원"
(주)포유디지탈,"2,848만원","5,813만원","4,344만원"
(주)버블콘,"3,172만원","7,047만원","5,586만원"
(주)베이스인 네트웍스,"3,077만원","6,771만원","5,300만원"
(주)로엔코리아,"2,972만원","6,624만원","5,061만원"
(주)에이바이트,"3,088만원","7,074만원","5,493만원"
(주)아이티제이엘,"3,703만원","6,728만원","6,151만원"
주식회사 심플비트,"2,829만원","6,226만원","4,279만원"
(주)메타덱스터,"3,620만원","7,994만원","7,074만원"
(주)타인에이아이,"3,319만원","7,454만원","6,136만원"
(주)커뮤,"3,011만원","6,897만원","5,114만원"
(주)인티그리트,"3,642만원","7,392만원","6,492만원"
(주)슈가힐,"3,097만원","6,427만원","5,366만원"
(주)링크글로벌21,"3,021만원","6,889만원","5,249만원"
(주)아이비피,"3,088만원","7,078만원","5,496만원"
(주)에이엠시지,"3,594만원","7,903만원","7,092만원"
행복쇼핑(주),"2,488만원","5,971만원","3,603만원"
(주)퀀텀인텔리전스,"4,167만원","8,742만원","7,990만원"
엔에이치엔링크(주),"3,076만원","7,416만원","5,319만원"
(주)디엠씨미디어,"3,008만원","7,029만원","5,147만원"
(주)아론티어,"3,786만원","8,639만원","7,604만원"
(주)오상헬스케어,"3,558만원","7,450만원","6,425만원"
(주)오스랩스,"3,084만원","7,199만원","5,324만원"
(주)코보시스,"3,474만원","7,908만원","6,382만원"
(주)창의와탐구,"2,604만원","5,509만원","4,100만원"
(주)리브포워드,"2,965만원","6,121만원","4,561만원"
(주)파스토,"3,937만원","9,164만원","8,098만원"
호전실업(주),"3,361만원","7,301만원","5,823만원"
(주)마스터코리아,"3,815만원","7,373만원","6,823만원"
(주)엔이에스,"2,600만원","6,223만원","4,010만원"
오로라월드(주),"2,796만원","6,293만원","4,534만원"
(주)뉴마핏,"2,628만원","5,340만원","3,619만원"
(주)하이브랩,"2,881만원","6,896만원","4,655만원"
(주)알파코,"2,974만원","6,413만원","5,016만원"
(주)이큐브랩,"3,075만원","6,639만원","5,244만원"
(주)싸이드워크엔터테인먼트,"2,894만원","6,524만원","4,699만원"
(주)아이리스브라이트,"2,550만원","5,486만원","3,797만원"
(주)큐버스랩,"3,147만원","7,138만원","5,604만원"
주식회사 리앤로,"3,177만원","6,693만원","5,545만원"
(주)미리디,"3,011만원","7,100만원","5,326만원"
(주)티클,"2,845만원","6,262만원","4,345만원"
(주)위즈코리아,"3,041만원","7,029만원","5,348만원"
(주)모바휠,"3,432만원","7,549만원","6,282만원"
(주)크라우드웍스,"2,971만원","6,831만원","5,073만원"
(주)코빗,"4,419만원","9,997만원","8,405만원"
정유니브(주),"2,590만원","6,169만원","3,942만원"
(주)디비스쿨,"3,032만원","6,071만원","4,647만원"
(주)카르노플릿,"4,664만원","8,878만원","8,354만원"
(주)비솔,"3,450만원","7,457만원","6,253만원"
(주)플랜티넷,"3,138만원","7,330만원","5,495만원"
(주)콜로세움코퍼레이션,"3,147만원","6,545만원","5,486만원"
울랄라랩(주),"3,120만원","7,199만원","5,421만원"
(주)엠지스,"2,664만원","5,620만원","3,613만원"
(주)와탭랩스,"3,833만원","8,849만원","7,772만원"
아이헤이트플라잉버그스(주),"2,861만원","5,512만원","4,243만원"
(주)오래,"2,892만원","6,720만원","4,676만원"
(주)어뮤즈랩,"3,218만원","7,277만원","5,819만원"
(주)데카사이트,"3,006만원","5,802만원","4,378만원"
이씨이십일알앤씨(주),"2,824만원","6,153만원","4,342만원"
(주)인터엑스,"3,283만원","7,466만원","6,040만원"
(주)메타스타,"3,850만원","8,377만원","7,040만원"
(주)카펜스트리트,"3,421만원","7,798만원","6,459만원"
슈퍼무브(주),"3,185만원","6,737만원","5,359만원"
이에이트(주),"2,657만원","6,012만원","3,971만원"
(주)위키옵틱스,"3,018만원","6,374만원","5,076만원"
마린웍스(주),"3,023만원","6,620만원","5,111만원"
(주)캠터,"2,340만원","4,579만원","3,117만원"
세종경영자문(주),"2,331만원","5,188만원","3,263만원"
(주)애드,"2,910만원","6,300만원","4,864만원"
(주)유라클,"3,333만원","7,721만원","5,816만원"
(주)웅진컴퍼스,"3,447만원","7,037만원","6,083만원"
엔에이치엔케이씨피,"3,624만원","8,462만원","6,942만원"
(주)우리윈,"3,246만원","6,897만원","5,679만원"
(주)라이브워크,"2,555만원","5,468만원","3,464만원"
에이스아메리칸화재해상보험(주),"4,103만원","9,347만원","7,869만원"
(주)테크에이스지엑스,"3,517만원","7,929만원","6,759만원"
디플래닉스(주),"4,473만원","10,287만원","8,427만원"
(주)노아시스템즈,"4,940만원","9,594만원","9,078만원"
(주)엠젠솔루션,"2,877만원","6,307만원","4,648만원"
(주)에이아이썸,"3,349만원","7,647만원","6,384만원"
인티맥스(주),"3,784만원","8,249만원","7,021만원"
전체와부분(주),"3,326만원","6,575만원","5,538만원"
(주)파킹고,"3,068만원","6,920만원","5,274만원"
(주)리버스마운틴,"2,568만원","5,418만원","3,373만원"
(주)지에스티,"2,832만원","6,426만원","4,569만원"
(주)시즐,"3,617만원","8,032만원","6,890만원"
(주)에임메드,"2,997만원","6,361만원","5,133만원"
(주)알티올,"3,482만원","8,158만원","6,977만원"
(주)스카이앤드,"2,836만원","6,116만원","4,304만원"
(주)비지트,"3,069만원","6,922만원","5,277만원"
(주)크로프트,"2,942만원","5,465만원","4,251만원"
(주)아이이에스지,"3,029만원","7,090만원","5,168만원"
(주)웨어밸리,"3,450만원","7,929만원","6,570만원"
(주)휴이노,"4,296만원","9,129만원","8,290만원"
에스팩(주),"2,979만원","6,536만원","4,991만원"
(주)에스엠해썹,"3,117만원","7,235만원","5,408만원"
(주)인커스소프트,"2,986만원","6,366만원","4,373만원"
(주)더마펌,"3,067만원","6,205만원","5,227만원"
(주)비쥬웍스,"2,907만원","6,605만원","4,847만원"
(주)디바인테크놀로지,"3,488만원","7,879만원","6,669만원"
엑시나(주),"4,953만원","10,159만원","9,566만원"
(주)에이치엠솔루션,"3,762만원","8,442만원","7,041만원"
(주)디노텍,"3,615만원","7,611만원","6,495만원"
(주)큐피스트,"3,443만원","8,070만원","6,820만원"
뉴로핏(주),"3,451만원","8,081만원","6,872만원"
LS증권 주식회사,"5,739만원","12,842만원","11,783만원"
(주)아크,"2,551만원","5,308만원","3,743만원"
(주)아이엠그루,"3,178만원","7,210만원","5,728만원"
(주)듀얼아이,"3,420만원","7,134만원","5,973만원"
㈜텔릿 와이어리스 솔루션즈,"4,455만원","9,054만원","8,401만원"
(주)엔씨소프트,"4,945만원","11,243만원","10,731만원"
(주)인픽스,"3,135만원","7,023만원","5,479만원"
에스에스앤씨(주),"2,907만원","6,676만원","4,865만원"
(주)아그모,"2,799만원","6,050만원","4,536만원"
유안타증권 주식회사,"4,883만원","11,163만원","10,480만원"
(주)엘로이랩,"3,319만원","7,580만원","6,263만원"
(주)어메스,"3,450만원","7,991만원","6,846만원"
오픈서베이,"3,664만원","8,396만원","7,240만원"
씨큐브(주),"4,204만원","8,204만원","7,776만원"
(주)와이즈버즈,"2,996만원","6,753만원","5,108만원"
(주)한국로슈,"3,853만원","9,224만원","7,157만원"
(주)헤스티아,"2,867만원","5,882만원","4,614만원"
글로하우홀딩스 연락사무소,"5,294만원","10,953만원","9,812만원"
(주)아이유노글로벌,"2,836만원","6,430만원","4,591만원"
대보정보통신(주),"2,810만원","6,011만원","4,631만원"
(주)에스티에이테스팅컨설팅,"2,832만원","6,334만원","4,298만원"
(주)미트박스글로벌,"3,636만원","7,860만원","6,969만원"
(주)하이아스,"2,924만원","6,640만원","4,912만원"
(주)유리프트,"3,014만원","6,872만원","5,218만원"
(주)삼천리네트웍스,"3,156만원","6,777만원","5,532만원"
(주)쿨스쿨,"3,473만원","7,323만원","6,247만원"
(주)이스턴네트웍스,"3,645만원","7,897만원","6,581만원"
(주)퍼플아이오,"3,436만원","7,847만원","6,526만원"
(주)데이터에듀,"2,632만원","5,756만원","4,110만원"
한패스(주),"3,182만원","7,210만원","5,531만원"
(주)마카롱팩토리,"3,075만원","7,393만원","5,299만원"
한국지능형교통체계협회,"4,232만원","8,352만원","7,931만원"
(주)임팩시스,"2,811만원","6,187만원","4,208만원"
(주)링크프라이스,"2,797만원","6,680만원","4,533만원"
(주)브레이브모바일,"3,079만원","7,118만원","5,472만원"
(주)에이에스티홀딩스,"3,011만원","6,931만원","5,229만원"
(주)아이오바이오,"2,846만원","6,345만원","4,326만원"
(주)브레디스헬스케어,"3,217만원","7,194만원","5,630만원"
(주)이즈소프트,"3,473만원","8,141만원","6,939만원"
(주)비아블,"3,138만원","6,592만원","5,465만원"
에스씨지랩(주),"3,456만원","8,101만원","6,872만원"
(주)테크랩스,"2,945만원","6,820만원","5,049만원"
(주)브레인데크,"2,746만원","5,896만원","4,056만원"
(주)해긴,"3,371만원","7,351만원","5,904만원"
(주)컴퓨터메이트,"3,096만원","6,873만원","5,546만원"
(주)바로고,"3,460만원","8,394만원","6,357만원"
(주)인사이드아웃,"2,563만원","4,841만원","3,534만원"
(주)비스텔리젼스,"3,484만원","7,957만원","6,677만원"
(주)제트플레이,"2,929만원","6,011만원","4,795만원"
(주)올레이어,"3,592만원","7,846만원","6,809만원"
(주)세븐미어캣,"3,450만원","7,759만원","6,547만원"
번개장터(주),"3,473만원","8,142만원","6,957만원"
솔닥(주),"3,163만원","7,253만원","5,672만원"
(주)나도기브,"3,093만원","6,795만원","5,355만원"
(주)아임웹,"3,808만원","8,567만원","7,139만원"
(주)미래와도전,"4,695만원","9,579만원","9,004만원"
(주)위펀,"2,802만원","6,423만원","4,457만원"
한국아이큐비아(주),"3,808만원","8,278만원","7,257만원"
한국단자공업(주),"3,898만원","7,755만원","7,343만원"
(주)마이공사,"2,793만원","5,915만원","4,127만원"
(주)팀그릿,"2,639만원","5,933만원","3,895만원"
(주)룰루랩,"3,453만원","8,005만원","7,337만원"
켐아이넷(주),"2,902만원","6,846만원","4,807만원"
(주)알파브라더스,"2,472만원","5,718만원","3,605만원"
(주)브라이센코리아,"3,094만원","7,153만원","5,533만원"
아이픽셀(주),"3,317만원","7,577만원","6,257만원"
(주)서울경제신문,"3,443만원","7,600만원","6,623만원"
오토앤주식회사,"2,796만원","5,925만원","4,244만원"
주식회사 테크핀레이팅스,"4,947만원","10,669만원","8,730만원"
(주)위레이저,"4,253만원","9,713만원","9,068만원"
(주)아스크스토리디에스,"3,049만원","6,951만원","5,360만원"
(주)피엠그로우,"3,686만원","7,541만원","6,784만원"
（주）한국정보통계,"2,590만원","5,714만원","3,676만원"
(주)보스반도체,"4,348만원","9,266만원","8,100만원"
주식회사 미리내에이아이,"4,445만원","9,182만원","8,040만원"
서던포스트,"2,809만원","6,322만원","4,571만원"
(주)씨티티디,"2,477만원","5,746만원","3,537만원"
(주)공간몬스터,"2,792만원","6,405만원","4,239만원"
GOPIZZA,"2,467만원","5,195만원","3,523만원"
(주)로봇앤드디자인,"3,669만원","7,338만원","6,550만원"
(주)퀀티파이드이에스지,"2,876만원","6,483만원","4,624만원"
아이쉴드,"3,433만원","6,664만원","5,612만원"
드림마크원(주),"5,284만원","9,591만원","9,346만원"
(주)알세미,"4,811만원","10,109만원","8,761만원"
코넥티브(주),"4,020만원","9,234만원","7,831만원"
(주)데이터스프링코리아,"3,122만원","6,903만원","5,459만원"
(주)클레,"3,224만원","7,288만원","5,839만원"
(주)애이마,"4,621만원","8,977만원","8,206만원"
청오디피케이(주),"2,348만원","5,332만원","3,375만원"
(주)러닝비전,"3,488만원","7,173만원","6,108만원"
주식회사 스타팅웨이브,"3,144만원","6,625만원","5,449만원"
(주)브레인커머스,"3,489만원","7,229만원","6,179만원"
주안에프앤비 주식회사 농업회사법인,"3,276만원","6,368만원","5,382만원"
굿어스(주),"3,030만원","7,125만원","5,181만원"
(주)세니젠,"3,082만원","6,424만원","5,283만원"
(주)한국경영원,"2,608만원","6,176만원","4,051만원"
(주)푸드나무,"2,351만원","5,302만원","3,096만원"
(주)더리얼그룹,"3,161만원","6,142만원","5,067만원"
(주)구름,"3,024만원","6,963만원","5,272만원"
주식회사 스파크플러스,"3,133만원","6,849만원","5,505만원"
(주)와이즈테크놀로지,"3,224만원","7,368만원","5,841만원"
(주)에어키,"3,700만원","7,799만원","6,688만원"
(주)에피소든,"3,697만원","7,124만원","6,138만원"
(주)비글즈,"2,927만원","7,028만원","4,885만원"
비에이티(주),"2,894만원","6,548만원","4,823만원"
팀업그레이드코리아(주),"3,473만원","6,988만원","6,272만원"
(주)에이치앤컨설팅,"2,984만원","6,464만원","5,061만원"
(주)스트리미,"4,180만원","9,191만원","7,987만원"
에스지에이(주),"2,357만원","6,181만원","3,312만원"
(주)바이온테크,"3,175만원","7,069만원","5,533만원"
세광정보통신 주식회사,"2,636만원","5,681만원","4,157만원"
제이피아이헬스케어(주),"3,805만원","7,997만원","7,523만원"
건솔루션(주),"3,183만원","7,226만원","5,765만원"
(주)에스제이소프트,"2,488만원","5,385만원","3,570만원"
(주)인싸이트,"2,592만원","5,805만원","3,969만원"
(주)블루버드,"3,482만원","7,922만원","6,103만원"
(주)옥션원,"2,606만원","5,789만원","4,046만원"
(주)먼슬리키친,"2,802만원","6,484만원","4,469만원"
엘비유세스(주),"2,317만원","4,683만원","3,391만원"
(주)바이오인프라,"2,769만원","6,508만원","4,144만원"
(주)서진시스템,"3,275만원","6,850만원","5,738만원"
디지털퍼스트(주),"3,010만원","6,803만원","5,161만원"
(주)어플레이즈,"3,166만원","7,030만원","5,564만원"
(주)아울시스템즈,"2,906만원","6,626만원","4,724만원"
(주)천하이너스,"3,185만원","7,222만원","5,756만원"
(주)맨토스파워,"2,178만원","4,418만원","2,918만원"
레이니스트,"4,298만원","9,082만원","8,308만원"
라인플러스(주),"5,469만원","11,888만원","9,779만원"
(주)위버스마인드,"2,829만원","6,091만원","4,577만원"
다올티에스(주),"3,875만원","8,260만원","7,211만원"
한국기술신용평가(주),"3,222만원","6,754만원","5,672만원"
(주)히포케이메논,"2,891만원","6,517만원","4,687만원"
(주)엔에이치엔에이스,"4,249만원","9,285만원","8,312만원"
(주)우주조인어스홀딩스,"2,633만원","5,674만원","3,686만원"
(주)트릿지,"3,154만원","7,155만원","5,538만원"
(주)윈큐브마케팅,"2,845만원","6,012만원","4,603만원"
(주)광고인,"2,605만원","5,558만원","4,058만원"
(주)유비온,"3,046만원","6,881만원","5,358만원"
(주)그룹엠코리아,"3,428만원","8,861만원","6,589만원"
(주)제일씨앤씨,"2,793만원","6,045만원","4,255만원"
(주)스카우트,"2,533만원","5,232만원","3,363만원"
(주)샤플앤컴퍼니,"3,462만원","7,545만원","6,119만원"
에스엔에프코리아(주),"4,489만원","9,475만원","8,435만원"
(주)에이비씨랩스,"3,225만원","6,836만원","5,624만원"
(주)엘프스,"3,008만원","6,471만원","5,135만원"
(주)미래로시스템,"4,033만원","9,627만원","8,408만원"
유엔브이코리아 유한책임회사,"3,063만원","6,613만원","5,238만원"
(재)한국마이크로의료로봇연구원,"3,079만원","6,827만원","5,335만원"
엔셀 주식회사,"2,971만원","6,297만원","4,314만원"
(주)레디포스트,"3,083만원","7,064만원","5,475만원"
오가노이드사이언스(주),"3,575만원","8,077만원","6,813만원"
(주)도로,"2,440만원","5,343만원","3,447만원"
클라우드호스피탈(주),"3,428만원","7,774만원","6,236만원"
(주)마크앤컴퍼니,"3,580만원","7,667만원","6,806만원"
팅크웨어(주),"2,980만원","6,851만원","5,196만원"
(주)멋쟁이사자처럼,"3,092만원","6,165만원","5,335만원"
(주)큐로드,"2,772만원","5,736만원","4,202만원"
트리플콤마(주),"3,916만원","8,434만원","7,143만원"
(주)버티고우게임즈,"3,245만원","7,557만원","5,687만원"
(주)동아테크놀로지,"2,809만원","5,936만원","4,479만원"
(주)의식주컴퍼니,"2,757만원","5,616만원","4,331만원"
(주)로아스,"2,988만원","5,986만원","4,578만원"
(주)아이덴티티게임즈,"3,054만원","7,479만원","5,242만원"
(사)넥스트,"3,862만원","7,801만원","7,052만원"
(주)하이테커,"2,615만원","5,956만원","3,819만원"
(주)에이아이비드,"2,815만원","6,004만원","4,585만원"
(주)에스엠코어,"3,372만원","6,548만원","5,848만원"
(주)나스미디어,"3,327만원","7,838만원","5,958만원"
(주)몬데인컨설팅,"2,735만원","5,775만원","3,887만원"
(주)팜스빌,"2,529만원","5,639만원","3,677만원"
(주)오누이,"2,914만원","6,099만원","4,874만원"
범호아이티(주),"2,941만원","6,679만원","4,982만원"
(주)오너클랜,"2,630만원","6,042만원","4,115만원"
(주)하이컨시,"2,755만원","5,951만원","4,327만원"
와디즈 주식회사,"3,596만원","7,801만원","6,919만원"
캐롯손해보험(주),"3,432만원","8,604만원","6,098만원"
(주)씨제이메조미디어,"3,900만원","8,757만원","7,764만원"
(주)코드스테이츠,"3,101만원","6,421만원","5,353만원"
(주)카택스,"2,750만원","6,094만원","4,069만원"
닐슨아이큐서비스코리아(유),"3,069만원","6,590만원","5,303만원"
(주)원유니버스,"3,377만원","7,376만원","5,935만원"
글로벌엠아이지,"2,615만원","5,958만원","4,088만원"
에브리봇(주),"3,024만원","6,749만원","5,115만원"
어스얼라이언스(주),"3,272만원","7,018만원","5,790만원"
씨제이포디플렉스(주),"3,720만원","8,023만원","6,745만원"
(주)에코에이블,"3,713만원","7,563만원","6,708만원"
CJ(주),"4,716만원","9,994만원","9,802만원"
퓨처메인(주),"3,030만원","7,037만원","5,170만원"
앤시스코리아유한책임회사,"4,859만원","10,116만원","9,481만원"
(주)산타,"3,097만원","6,520만원","5,577만원"
(주)에스티유니타스,"3,038만원","6,387만원","5,192만원"
(주)그로스인터랙티브,"2,515만원","5,218만원","3,781만원"
(주)트래블월렛,"4,222만원","9,154만원","7,837만원"
(주)컬리,"2,990만원","5,689만원","4,800만원"
슈어엠(주),"2,909만원","6,561만원","4,761만원"
(주)드림어스컴퍼니,"3,188만원","8,238만원","5,637만원"
(주)크레셈,"3,443만원","7,684만원","6,324만원"
(주)짐싸,"3,087만원","7,147만원","5,491만원"
(주)윙스,"2,571만원","5,424만원","3,385만원"
(주)한독,"3,667만원","8,766만원","7,362만원"
(주)서원정보,"3,302만원","7,653만원","6,218만원"
(주)맨파워코리아,"2,631만원","5,000만원","3,838만원"
(주)웨비나스,"2,675만원","6,045만원","4,072만원"
전라남도농업기술원,"2,443만원","5,087만원","3,557만원"
(주)티씨컴퍼니,"2,776만원","6,752만원","4,431만원"
엘지유니참(주),"4,273만원","8,860만원","7,989만원"
(주)엔에스씨비씨,"4,317만원","9,005만원","7,990만원"
(주)더워터멜론티더블유씨,"3,464만원","7,432만원","6,386만원"
(주)위두소프트,"2,624만원","5,906만원","3,660만원"
(주)디케이앤디,"2,925만원","6,332만원","4,842만원"
(주)씨메스,"3,448만원","7,405만원","6,024만원"
(주)엠디에스테크,"3,301만원","7,618만원","6,212만원"
(주)맘편한세상,"3,430만원","7,974만원","6,245만원"
(주)옵토마인드,"3,163만원","6,698만원","5,553만원"
스푼(주),"3,626만원","7,884만원","6,672만원"
(주)업테라,"3,727만원","8,087만원","6,760만원"
(주)프레인글로벌,"2,860만원","7,145만원","4,711만원"
(주)우아한형제들,"4,134만원","9,629만원","9,204만원"
이투스에듀(주),"2,796만원","5,784만원","4,617만원"
(주)티처케이,"3,034만원","6,001만원","4,653만원"
(주)인비고웍스,"2,983만원","6,647만원","5,106만원"
디엑솜,"3,661만원","7,747만원","6,971만원"
(주)매경닷컴,"3,122만원","7,131만원","5,437만원"
(주)모노플로우,"2,475만원","5,439만원","3,341만원"
주식회사고픽커뮤니케이션,"2,954만원","6,129만원","4,964만원"
(주)엔클로니,"3,112만원","6,724만원","5,376만원"
농업회사법인(주)민속친한우,"2,808만원","5,893만원","4,528만원"
(주)미소앤클라우드,"2,654만원","5,551만원","3,545만원"
(주)오비고,"3,641만원","8,459만원","6,988만원"
(주)산소프트,"4,156만원","8,727만원","7,960만원"
(주)에이피알,"3,085만원","6,861만원","5,394만원"
(주)업라이트컨설팅,"3,075만원","6,131만원","4,889만원"
(주)에이치에스오코리아,"3,100만원","6,321만원","4,928만원"
(주)위플랫폼,"2,799만원","6,308만원","4,536만원"
(주)솔루티스,"3,254만원","7,439만원","5,953만원"
(주)에이블런,"2,574만원","5,362만원","4,008만원"
IPX,"4,667만원","10,837만원","8,901만원"
데상트코리아(주),"3,165만원","7,276만원","5,777만원"
(주)아이스크림미디어,"3,409만원","7,583만원","6,577만원"
(주)루시드랩,"3,094만원","6,559만원","5,044만원"
(주)프로그레스미디어,"2,452만원","5,600만원","3,509만원"
(주)테이크네트웍스,"2,864만원","6,133만원","4,381만원"
(주)자이언트스텝,"3,086만원","7,291만원","4,884만원"
(주)렛유인에듀,"2,783만원","5,553만원","4,490만원"
(주)엔바이어스,"3,423만원","7,031만원","5,982만원"
(주)덱스터크레마,"3,127만원","7,060만원","5,493만원"
(주)자비스,"3,148만원","6,783만원","5,463만원"
(주)제이애드랩,"3,779만원","7,360만원","6,464만원"
(주)폭스에듀,"3,100만원","7,179만원","5,395만원"
동서페더럴모굴(주),"4,841만원","8,687만원","9,250만원"
비유바움(주),"2,826만원","6,761만원","4,589만원"
(주)디알젬,"3,138만원","6,676만원","5,430만원"
(주)바로팜,"3,667만원","8,242만원","6,665만원"
(주)엠지알브이,"3,651만원","7,304만원","6,875만원"
제이어스(주),"3,185만원","6,849만원","5,567만원"
주식회사 콩벤처스,"2,664만원","5,620만원","3,613만원"
주식회사에이비엠랩(ABMLabCorp.),"3,075만원","7,047만원","5,444만원"
(주)디어유,"4,383만원","10,241만원","8,667만원"
전능아이티(주),"2,925만원","6,413만원","4,405만원"
농업회사법인만나씨이에이(주),"2,755만원","5,846만원","4,408만원"
주식회사 유디엠,"3,131만원","6,836만원","5,474만원"
(주)인티그레이션,"3,343만원","7,711만원","6,379만원"
(주)소통파이브,"2,455만원","5,444만원","3,500만원"
(주)리마케팅컴퍼니,"2,782만원","6,847만원","4,224만원"
(주)유엔아이엔스,"3,117만원","6,337만원","4,976만원"
(주)블렌드엑스,"3,119만원","7,045만원","5,451만원"
(주)보이스루,"3,216만원","7,375만원","5,833만원"
(주)에이아이클라우드,"2,782만원","5,644만원","4,190만원"
(주)제이시스메디칼,"6,858만원","13,032만원","17,884만원"
(주)인엘씨테크놀러지,"3,626만원","7,763만원","6,862만원"
(주)교원투어,"2,758만원","5,799만원","4,436만원"
(주)디스럽트,"2,862만원","6,379만원","4,616만원"
(주)인터크로스,"2,897만원","6,523만원","4,823만원"
(주)바름,"3,941만원","7,799만원","7,039만원"
오아(주),"3,169만원","6,654만원","5,582만원"
(주)더블유컴즈,"2,581만원","4,987만원","3,952만원"
재단법인 플랜한국위원회,"2,783만원","5,694만원","4,215만원"
(주)무신사,"3,564만원","8,275만원","7,498만원"
(주)테크타카,"3,765만원","8,666만원","7,559만원"
아이오엔(주),"2,978만원","5,779만원","4,350만원"
(주)비이교육,"2,808만원","5,947만원","4,323만원"
(주)에이치알엠,"2,932만원","5,498만원","4,917만원"
(주)스카우트파트너스,"3,450만원","6,824만원","6,362만원"
(주)디쉐어,"2,590만원","6,097만원","3,489만원"
(주)맥킨리라이스,"2,995만원","6,823만원","5,160만원"
(주)닷어스,"2,781만원","5,501만원","4,205만원"
(주)뉴로메카,"2,837만원","6,450만원","4,573만원"
(주)수젠텍,"2,834만원","6,162만원","4,562만원"
세일즈웍스코리아(유),"2,806만원","5,574만원","4,298만원"
트리노드(주),"3,459만원","8,608만원","6,354만원"
(주)퍼포매드,"2,686만원","5,674만원","3,884만원"
(주)아이뱅크,"2,835만원","6,482만원","4,588만원"
(주)바이트랩,"2,567만원","5,551만원","3,888만원"
(주)명성,"2,620만원","5,730만원","3,982만원"
(주)론픽,"2,810만원","6,177만원","4,499만원"
(주)함샤우트글로벌,"2,803만원","5,834만원","4,304만원"
(주)이루다마케팅,"2,897만원","6,527만원","4,747만원"
한국공간정보(주),"2,352만원","5,451만원","3,330만원"
(주)룩인사이트,"2,914만원","6,182만원","4,446만원"
(주)에이블리코퍼레이션,"3,579만원","7,695만원","6,580만원"
(주)미라클인터랙티브,"2,358만원","5,393만원","3,154만원"
(주)레디앤스타트,"3,226만원","7,082만원","5,242만원"
(주)유니컨,"4,357만원","9,144만원","8,100만원"
(주)에스피에스컴퍼니,"2,555만원","4,973만원","3,484만원"
(주)피치,"2,338만원","5,208만원","3,254만원"
아이비커리어(주),"2,517만원","4,623만원","3,465만원"
팅크웨어모바일(주),"3,826만원","8,184만원","7,069만원"
(주)제이씨에프테크놀러지,"3,610만원","7,680만원","6,811만원"
(주)비전스페이스,"3,876만원","7,961만원","7,161만원"
(주)카카오스타일,"3,226만원","7,379만원","6,122만원"
(주)메디인테크,"3,117만원","6,728만원","5,376만원"
(주)아파트너스,"2,588만원","5,797만원","3,675만원"
(주)메타기획컨설팅,"3,064만원","6,617만원","5,243만원"
(주)헌터더글라스코리아,"3,646만원","6,961만원","6,504만원"
더블유피아이씨디지털코리아유한회사(WPICDigitalKoreaLtd.),"3,070만원","6,418만원","5,254만원"
(주)서스테이너블컨설팅,"2,483만원","5,412만원","3,587만원"
(주)미래엔,"3,535만원","7,182만원","6,564만원"
(주)뉴스와사람들,"2,609만원","5,974만원","3,588만원"
(주)비로보틱스,"3,371만원","7,628만원","5,912만원"
(주)광주은행,"4,847만원","11,409만원","9,984만원"
(주)이암허브,"2,700만원","5,482만원","3,742만원"
킨도프(주),"2,973만원","6,320만원","4,965만원"
(주)애드락애드버테인먼트,"3,688만원","7,890만원","6,657만원"
(주)이프커뮤니티,"2,990만원","6,802만원","5,139만원"
협동조합한국농산업조사연구소,"3,320만원","6,567만원","5,522만원"
(주)애드디에스,"2,327만원","5,343만원","3,059만원"
(주)케이옥션,"3,231만원","6,839만원","5,660만원"
비아이컴퍼니(주),"3,659만원","7,625만원","6,324만원"
세이지(주),"4,033만원","9,493만원","8,398만원"
(주)피아이이,"3,492만원","7,163만원","6,127만원"
주식회사 청담글로벌,"2,376만원","5,282만원","3,372만원"
인포스탁(주),"3,212만원","7,267만원","5,802만원"
(주)바텍엠시스,"3,041만원","6,782만원","5,200만원"
(주)바로타자,"2,485만원","4,708만원","3,195만원"
(주)야나두,"3,627만원","7,424만원","6,803만원"
젠지이스포츠글로벌아카데미(유),"2,842만원","5,325만원","4,383만원"
엔에이치엔애드(주),"3,328만원","7,249만원","5,837만원"
케이투코리아(주),"4,296만원","8,822만원","8,148만원"
(주)크레듀,"2,265만원","6,043만원","2,571만원"
던롭스포츠코리아(주),"4,248만원","8,663만원","8,007만원"
(주)마루에이치알,"2,450만원","4,971만원","3,573만원"
(주)차헬스케어,"4,217만원","8,969만원","8,226만원"
에이치알서비스(주),"2,505만원","5,081만원","3,732만원"
(주)스마일코리아,"2,602만원","6,007만원","4,005만원"
(주)플래니어,"2,964만원","5,777만원","4,590만원"
(주)대윤기획,"2,362만원","5,446만원","3,362만원"
프로메가코리아(유),"4,505만원","9,176만원","8,483만원"
(주)살만,"2,440만원","5,370만원","3,244만원"
(주)더비팀그룹,"2,971만원","5,812만원","4,577만원"
에어에너지키트코(유),"3,596만원","7,496만원","6,849만원"
주) 석세스코리아컨설팅,"2,759만원","5,907만원","4,405만원"
(주)더스크랙,"2,544만원","5,423만원","3,778만원"
(주)아이포트폴리오,"3,242만원","7,429만원","5,917만원"
(주)밸류링크코리아,"2,530만원","5,126만원","3,810만원"
코코넛사일로(주),"2,811만원","6,246만원","4,212만원"
(주)제이엘티,"3,024만원","6,539만원","5,096만원"
(주)플랜비크리에이티브,"2,841만원","6,187만원","4,392만원"
(주)더넥스트제네레이션,"2,676만원","5,434만원","3,823만원"
주식회사 엠텍정보기술,"3,648만원","6,931만원","6,241만원"
(주)올리브인터내셔널,"3,145만원","6,835만원","5,508만원"
(주)에이치투오호스피탈리티,"3,619만원","7,501만원","6,950만원"
(주)바른인사컨설팅,"2,501만원","5,076만원","3,701만원"
아이디자인랩,"3,672만원","7,644만원","6,361만원"
(주)약손명가헬스케어,"2,938만원","6,141만원","4,915만원"
(주)메테오바이오텍,"2,770만원","5,973만원","4,444만원"
(주)인투알,"2,787만원","6,647만원","4,429만원"
(주)디스트릭트코리아,"3,692만원","8,407만원","7,331만원"
(주)케어닥,"3,438만원","7,851만원","6,532만원"
(주)폴싯,"3,370만원","6,851만원","5,893만원"
(주)필로메디,"2,726만원","5,528만원","3,997만원"
(주)아이엠씨게임즈,"2,877만원","7,014만원","4,651만원"
태전약품판매(주),"2,922만원","6,308만원","4,874만원"
신성통상(주),"3,427만원","7,903만원","6,944만원"
(주)에이치에너지,"2,884만원","6,227만원","4,698만원"
(주)스위트바이오,"3,257만원","6,903만원","5,668만원"
(주)휴가중,"2,788만원","5,610만원","4,269만원"
(주)신라홀딩스,"4,528만원","8,967만원","7,879만원"
비주얼바이브(주),"2,919만원","6,478만원","4,796만원"
(주)아이씨엔그룹,"2,774만원","5,875만원","4,201만원"
(주)아인스미디어,"2,845만원","6,346만원","4,481만원"
(주)마유비,"2,648만원","5,953만원","3,931만원"
(주)엣지랭크,"2,588만원","6,266만원","3,988만원"
토탈리빙(주),"2,604만원","5,570만원","3,928만원"
(주)골드넥스,"2,685만원","6,160만원","4,134만원"
(주)신지모루,"2,841만원","6,201만원","4,586만원"
(주)제이씨그룹,"2,458만원","5,139만원","3,476만원"
(주)글로벌스탠다드테크놀로지,"3,255만원","6,976만원","5,475만원"
(주)커넥터즈,"3,103만원","6,004만원","4,987만원"
(주)이커넥트,"2,636만원","5,735만원","4,157만원"
시네온티브이(주),"2,916만원","5,998만원","4,422만원"
(주)메타애드,"2,447만원","5,551만원","3,475만원"
(주)엠텍정보기술,"3,648만원","6,931만원","6,241만원"
삼전순약공업(주),"2,841만원","6,231만원","4,584만원"
(주)씨웨이7,"2,971만원","6,408만원","5,020만원"
(주)모닝인,"2,501만원","4,797만원","3,468만원"
스푼랩스,"3,345만원","7,714만원","6,385만원"
(주)와이지플러스,"3,055만원","8,525만원","5,245만원"
(사)지방자치정책연구원,"2,360만원","4,952만원","3,356만원"
(주)셀디랩,"2,525만원","5,311만원","3,663만원"
(주)보험계리법인써미트,"3,092만원","6,756만원","5,257만원"
부광약품(주),"3,411만원","7,282만원","6,170만원"
(주)매드코퍼레이션,"3,128만원","7,063만원","5,498만원"
(주)텐핑거스,"2,695만원","6,158만원","4,155만원"
(유)지역창안연구소,"2,001만원","4,277만원","2,533만원"
(주)공감만세,"3,013만원","6,220만원","5,172만원"
(주)모티브이노베이션,"3,419만원","7,469만원","6,241만원"
(주)오렌지랩,"2,452만원","5,559만원","3,490만원"
(주)뷰리드,"2,780만원","6,142만원","4,204만원"
(주)여기어때컴퍼니,"3,236만원","7,764만원","5,841만원"
(주)엔클루,"2,800만원","5,872만원","4,275만원"
(주)아임반,"2,636만원","5,930만원","4,067만원"
(주)여행가자고,"2,947만원","5,631만원","4,562만원"
(주)원드롭,"3,073만원","6,572만원","5,231만원"
(주)퍼플코퍼레이션,"4,190만원","8,097만원","7,771만원"
(주)비전브릿지파트너스,"2,484만원","5,003만원","3,686만원"
필드멘토(주),"2,746만원","5,291만원","4,098만원"
(주)온누리스토어,"3,153만원","6,699만원","5,538만원"
(주)벤디스,"2,974만원","6,847만원","5,077만원"
(유) 그래피,"2,554만원","5,286만원","3,462만원"
에코디엠랩(주),"2,941만원","5,834만원","4,792만원"
(주)유니벨,"3,804만원","7,938만원","7,249만원"
(주)퍼포먼스애드,"2,916만원","5,918만원","4,204만원"
(주)부스터즈,"3,086만원","6,928만원","5,366만원"
(주)다이버,"2,820만원","6,265만원","4,246만원"
(주)윗유,"2,762만원","6,245만원","4,421만원"
윈지디코리아(유),"4,698만원","9,608만원","8,872만원"
(주)키스템프그룹,"2,636만원","4,932만원","3,537만원"
(주)지엔엠라이프,"3,230만원","6,790만원","5,656만원"
(주)멀틱스,"2,926만원","6,853만원","4,784만원"
(주)키스톤마케팅컴퍼니,"2,862만원","6,468만원","4,635만원"
(주)에이엠피엠글로벌,"2,786만원","6,055만원","4,519만원"
마인이스(주),"2,653만원","5,745만원","4,192만원"
(주)투유드림,"2,942만원","6,267만원","4,950만원"
로얄앤컴퍼니(주),"2,793만원","5,851만원","4,435만원"
(주)인포벨,"2,955만원","6,299만원","4,971만원"
(주)모티브아이디어스,"2,893만원","6,559만원","4,812만원"
환인제약(주),"3,497만원","7,731만원","6,449만원"
(주)일신엔터프라이즈,"3,212만원","6,112만원","5,162만원"
(주)노마드트래블,"2,313만원","4,860만원","3,229만원"
지멘스에너지(유),"4,844만원","9,299만원","9,298만원"
(주)티오텍,"2,886만원","6,072만원","4,603만원"
(주)고운세상코스메틱,"3,073만원","6,728만원","5,245만원"
(주)마초의사춘기,"2,835만원","6,480만원","4,375만원"
(주)미래피엠피,"2,967만원","6,729만원","5,024만원"
진에딧코리아 유한회사,"4,458만원","8,191만원","7,335만원"
이앤비정보통신(주),"2,772만원","5,936만원","4,462만원"
아고다트레블오퍼레이션스코리아(유),"2,802만원","5,258만원","4,346만원"
랩앤피플(주),"2,892만원","6,271만원","4,624만원"
(재)록원바이오융합연구재단,"2,811만원","5,610만원","4,291만원"
(주)루다드림,"2,492만원","5,223만원","3,609만원"
울산대학교산학협력단,"2,514만원","5,390만원","3,811만원"
더화이트커뮤니케이션(주),"2,532만원","5,657만원","3,793만원"
현대엔지니어링(주),"4,218만원","9,590만원","9,026만원"
주식회사 블루핀부동산중개법인,"4,642만원","9,879만원","8,450만원"
(주)인터빅뱅,"2,503만원","5,351만원","3,647만원"
에이지엘(주),"3,523만원","8,055만원","6,799만원"
한국에너지공과대학교,"2,959만원","6,051만원","4,987만원"
(주)익스트림,"2,828만원","5,969만원","4,274만원"
주식회사 리만코리아,"3,684만원","7,918만원","6,942만원"
(주)코어덤,"2,510만원","5,688만원","3,706만원"
(주)다트미디어,"3,002만원","7,141만원","5,115만원"
(주)홀블렌딩,"3,337만원","6,786만원","5,802만원"
(주)고고팩토리,"2,799만원","6,415만원","4,440만원"
(주)더생각,"3,179만원","6,514만원","5,150만원"
로카101(주),"2,949만원","7,066만원","4,954만원"
엔씨에이취코리아(주),"3,487만원","7,281만원","6,387만원"
(주)원인어헌드레드,"3,095만원","5,995만원","4,776만원"
(주)바이오컴플릿,"3,020만원","6,604만원","5,131만원"
(주)판다인,"2,940만원","5,601만원","4,240만원"
(주)더블유라이프앤케어,"3,038만원","6,346만원","5,194만원"
(주)에이치유지,"2,940만원","6,210만원","4,922만원"
(주)아싸컴,"2,634만원","5,822만원","4,077만원"
(주)발란,"3,427만원","8,011만원","6,898만원"
패스트파이브(주),"3,461만원","7,243만원","6,189만원"
인피콘(주),"4,215만원","8,962만원","7,918만원"
(주)피피비스튜디오스,"2,600만원","6,255만원","4,008만원"
(주)지에스에이,"3,662만원","7,501만원","6,552만원"
(주)비바엔에스,"2,902만원","6,665만원","4,808만원"
글로우업리즈(주),"2,500만원","5,296만원","3,640만원"
(주)원진바이오테크놀로지,"4,179만원","8,897만원","7,785만원"
한국인테그리스(주),"3,433만원","7,411만원","6,269만원"
에코플렉스(유),"2,935만원","6,087만원","4,765만원"
(주)푸드케어,"2,551만원","4,885만원","3,746만원"
(주)현대홈쇼핑,"3,507만원","7,772만원","6,429만원"
(주)투엘바이오,"2,365만원","5,183만원","3,280만원"
(주)와이엘사이언스,"2,642만원","5,714만원","4,136만원"
(주)리온인베스트먼트,"2,384만원","4,975만원","3,197만원"
(주)셀엔백스,"3,140만원","6,920만원","5,507만원"
장영 유한책임회사,"3,816만원","7,775만원","6,771만원"
(주)소윤컴퍼니,"2,461만원","4,643만원","3,399만원"
(주)비에스그룹,"2,436만원","5,533만원","3,442만원"
(주)타운즈,"3,458만원","7,305만원","6,332만원"
(주)아이알컴즈,"2,611만원","5,596만원","4,076만원"
(주)편한가,"2,540만원","5,175만원","3,765만원"
맥시마이저(주),"2,928만원","6,271만원","4,895만원"
한국갭이어,"2,572만원","4,812만원","3,556만원"
(주)미래생명자원,"2,807만원","6,111만원","4,470만원"
(주)마이하우스,"2,618만원","5,572만원","4,009만원"
주식회사아이쉴드,"3,433만원","6,664만원","5,612만원"
투자자문콜드브루주식회사,"3,166만원","6,671만원","5,514만원"
엘리멘탈사이언티픽인스트루먼츠코리아(유),"3,593만원","7,571만원","6,833만원"
허밍스토리(주),"3,042만원","6,912만원","5,227만원"
(주)웨니테크,"2,650만원","5,683만원","4,199만원"
한화시스템(주),"4,426만원","9,022만원","9,166만원"
(주)올림픽컨트리클럽,"3,876만원","6,834만원","6,823만원"
(주)먼치팩토리,"3,637만원","7,534만원","6,610만원"
(주)아이콘스,"3,135만원","6,875만원","5,421만원"
더조각(주),"2,537만원","5,142만원","3,861만원"
한국에스지에스(주),"3,172만원","7,503만원","5,921만원"
(주)더블미디어,"2,797만원","5,955만원","4,266만원"
(주)마케팅모먼트,"2,587만원","5,949만원","3,984만원"
웰트(주),"3,707만원","7,348만원","6,709만원"
(주)펫닥,"3,133만원","6,941만원","5,476만원"
(주)빌리지베이비,"2,700만원","6,163만원","4,177만원"
(주)샐러드랩,"2,786만원","6,115만원","4,463만원"
(주)한국타미야,"2,451만원","5,151만원","3,453만원"
(주)창마루,"3,172만원","6,921만원","5,526만원"
(주)디티앤씨알오,"2,443만원","5,727만원","3,527만원"
(주)코디아,"2,892만원","5,750만원","4,676만원"
"주식회사 올데이커뮤니케이션(ALLDAY Communication Co.,Ltd.)","2,543만원","5,797만원","3,827만원"
주식회사 노터스,"3,261만원","6,787만원","5,668만원"
(주)뉴보텍,"2,919만원","5,977만원","4,822만원"
(주)실리콘투,"2,833만원","6,323만원","4,336만원"
(주)케이몬즈,"2,917만원","5,862만원","4,423만원"
(주)그림,"3,293만원","6,947만원","5,796만원"
머스크컨트랙트로지스틱스코리아(유),"3,608만원","7,460만원","6,423만원"
(주)제이에스케이,"2,680만원","5,435만원","3,769만원"
엣지에너지(주),"4,064만원","8,197만원","7,416만원"
에빈코리아(유),"3,427만원","7,079만원","6,014만원"
카디널헬스코리아 유한회사,"4,927만원","10,295만원","9,453만원"
(주)아이브코리아,"2,704만원","6,171만원","4,193만원"
(주)카플,"2,890만원","6,126만원","4,669만원"
(주)청윤헬스케어,"2,788만원","5,778만원","4,226만원"
태그바이컴퍼니(주),"2,764만원","6,331만원","4,444만원"
주식회사엠앤비,"2,792만원","5,775만원","4,252만원"
(주)피아이코퍼레이션,"2,596만원","5,541만원","3,960만원"
㈜리큅,"2,928만원","6,558만원","4,832만원"
(주)모베이스전자,"3,558만원","7,445만원","6,522만원"
콘텐츠공동체협동조합,"2,361만원","5,304만원","3,160만원"
(주) 이스트엔드,"3,134만원","7,049만원","5,425만원"
(주)세일업,"2,482만원","5,664만원","3,618만원"
(주)이노바인코리아,"3,033만원","6,631만원","5,142만원"
리진바이오(주),"2,952만원","5,618만원","4,272만원"
(주)인테그라디앤씨,"3,713만원","7,779만원","6,709만원"
(주)세원정공,"4,375만원","8,883만원","8,867만원"
(주)브리드비인터내셔널,"2,573만원","5,702만원","3,851만원"
(주)위드잇컴퍼니,"2,944만원","6,358만원","4,970만원"
(주)와그,"3,026만원","6,647만원","5,166만원"
(주)글로비트,"2,634만원","5,486만원","4,060만원"
(주)페로카,"3,468만원","6,594만원","5,748만원"
(주)아이엠캔들,"2,812만원","6,253만원","4,488만원"
(주)그레이트북스,"3,044만원","6,337만원","5,219만원"
(주)퍼플오션코리아,"2,592만원","5,281만원","3,538만원"
서울대학교 생명공학공동연구원,"4,027만원","7,627만원","6,701만원"
(주)라이프위드코퍼레이션,"2,653만원","5,865만원","4,121만원"
(주)비아이지엠,"3,164만원","6,619만원","5,555만원"
(주)필리퍼,"2,982만원","6,045만원","4,309만원"
올라이프(주),"2,007만원","5,215만원","2,742만원"
민컴퍼니인터내셔널(주),"2,488만원","5,674만원","3,637만원"
(주)21세기건설,"3,260만원","6,869만원","5,671만원"
인테이크(주),"3,629만원","7,357만원","6,451만원"
주식회사 플레이스,"2,595만원","5,980만원","4,028만원"
블래스트(주),"3,006만원","6,783만원","5,114만원"
(주)이브릿지,"2,641만원","5,696만원","3,914만원"
유나이티드보더스(주),"2,652만원","6,001만원","4,168만원"
(주)포터블뉴트리션,"3,089만원","6,501만원","5,339만원"
(주)얀센백신,"3,697만원","8,144만원","6,602만원"
(주)에버트레져,"2,621만원","5,210만원","3,650만원"
(주)프로덕트온라인,"2,974만원","5,803만원","4,585만원"
(주)제이오텍,"3,013만원","6,566만원","5,423만원"
(주)비케이씨앤씨,"3,123만원","5,995만원","5,011만원"
(주)사일로,"2,783만원","5,756만원","4,486만원"
(주)에고이즘,"2,912만원","6,231만원","4,836만원"
(주)이루에프씨,"2,826만원","5,716만원","4,585만원"
(주)온누리커뮤니케이션,"3,049만원","5,902만원","4,693만원"
(주)타임교육,"2,501만원","5,737만원","3,835만원"
(주)안티그래비티,"3,044만원","6,558만원","5,158만원"
(주)세라컴,"3,076만원","6,464만원","5,255만원"
티씨엔코리아(주),"3,231만원","6,655만원","5,639만원"
(주)포토위젯,"3,470만원","7,848만원","6,612만원"
숙명여자대학교,"1,659만원","4,159만원","2,282만원"
(주)디핑컴퍼니,"2,659만원","5,690만원","4,131만원"
(주)앰비션플랜,"2,777만원","5,921만원","4,473만원"
케이지에이에셋(주),"2,473만원","5,359만원","3,490만원"
(주)블랑커뮤니케이션,"3,136만원","6,613만원","5,502만원"
(주)큐레이터스,"2,591만원","5,790만원","3,882만원"
(주)심플플래닛,"3,596만원","7,695만원","6,438만원"
(주)아람피앤피,"3,319만원","6,318만원","5,437만원"
(주)나아바코리아,"2,586만원","5,484만원","4,019만원"
(주)에브리세컨드,"3,098만원","6,127만원","4,954만원"
(주)대웅제약,"3,763만원","8,559만원","7,342만원"
(주)제너럴크리에이션,"2,786만원","5,901만원","4,100만원"
(주)헤렌,"2,907만원","6,598만원","4,873만원"
(주)황금에스티,"2,948만원","6,487만원","4,903만원"
(주)우주일렉트로닉스,"3,137만원","7,007만원","5,540만원"
캥스터즈(주),"2,853만원","5,911만원","4,349만원"
(주)에스제이그룹,"3,245만원","7,335만원","5,644만원"
(주)오르카랩,"2,446만원","5,179만원","3,034만원"
이유엔(주)-메디통,"3,061만원","7,153만원","5,252만원"
(주)에스제이듀코,"2,906만원","6,505만원","4,825만원"
(주)펠릭스랩,"2,595만원","5,809만원","3,901만원"
(주)애드마이비지니스,"2,572만원","4,953만원","3,512만원"
(주)아이비알커머스,"2,594만원","5,999만원","4,041만원"
(주)구하다,"3,062만원","7,230만원","5,260만원"
(주)무빙트립,"2,559만원","4,914만원","3,495만원"
(주)브로틴,"3,148만원","7,370만원","5,508만원"
(주)알엠지,"2,941만원","6,098만원","4,871만원"
(주)파이헬스케어,"2,815만원","5,887만원","4,235만원"
(주)정진바이오사이언스,"3,679만원","7,212만원","6,059만원"
(주)편강한방피부과학연구소,"2,817만원","6,016만원","4,247만원"
(주)리프이노베이션,"2,559만원","5,805만원","3,841만원"
인테그리스코리아(주),"3,558만원","8,263만원","6,814만원"
(주)글루가,"3,242만원","6,963만원","5,633만원"
프리펀컴퍼니(주),"2,329만원","4,660만원","3,352만원"
(주)네이처포뮬러,"3,062만원","5,920만원","4,730만원"
아이원스(주),"2,894만원","6,733만원","4,827만원"
주식회사 슬로우패스트,"2,436만원","4,835만원","3,514만원"
(주)인플루엔셜,"3,339만원","7,165만원","5,829만원"
(주)바이오포아,"3,292만원","6,601만원","5,650만원"
(주)승민환경건설,"2,404만원","4,753만원","3,001만원"
(주)컬처웨이,"2,755만원","5,921만원","4,410만원"
(주)알피스페이스,"2,811만원","6,301만원","4,309만원"
(주)노트닷컴,"2,367만원","5,415만원","3,340만원"
(주)써큘러랩스,"2,033만원","5,139만원","2,842만원"
(주)한성에프아이,"3,449만원","7,566만원","6,265만원"
(주)상상바이오,"2,523만원","5,340만원","3,729만원"
(주)폴리이에스씨,"3,062만원","6,367만원","5,236만원"
(주)케이제이씨디스플레이코퍼레이션,"3,102만원","7,553만원","5,337만원"
(주)에프앤엘코퍼레이션,"2,836만원","6,460만원","4,565만원"
(주)팬딩,"2,634만원","5,977만원","3,878만원"
(주)알마로꼬,"2,981만원","6,792만원","5,103만원"
(주)오래온라이프사이언스,"3,432만원","7,022만원","6,246만원"
(주)나우인터내셔널,"2,675만원","6,146만원","3,824만원"
(주)에이스라이프,"2,818만원","5,917만원","4,248만원"
(주)지아이코퍼레이션,"2,666만원","5,645만원","3,826만원"
(주)한국두성,"4,769만원","9,400만원","9,102만원"
씨아이커머스(주),"2,597만원","5,213만원","3,552만원"
(주)에스앤아이코퍼레이션,"3,862만원","8,009만원","7,942만원"
림피드(주),"2,440만원","4,628만원","3,017만원"
(주)센스맘,"2,840만원","6,116만원","4,576만원"
(주)동광인터내셔날,"3,142만원","7,016만원","5,452만원"
민컴퍼니인터내셔널주식회사,"2,488만원","5,674만원","3,637만원"
(주)피플앤코,"2,806만원","5,921만원","4,207만원"
(주)레이저발테크놀러지,"3,639만원","7,505만원","6,476만원"
농업회사법인 주식회사 두손애약초,"2,608만원","5,505만원","3,943만원"
(주)콘플로우컴퍼니,"2,817만원","6,146만원","4,317만원"
(주)에이케이에이,"3,241만원","6,892만원","5,706만원"
메디맵(주),"3,268만원","6,801만원","5,688만원"
현대위아(주),"4,707만원","10,641만원","11,660만원"
센트럴팜(주),"2,807만원","6,303만원","4,526만원"
(주)레진엔터테인먼트,"3,058만원","6,627만원","5,256만원"
(주)비브로,"2,934만원","6,327만원","4,903만원"
동승,"3,494만원","7,096만원","6,353만원"
굿리치(주),"2,894만원","6,258만원","4,902만원"
(주)카본에너지,"2,597만원","5,579만원","3,614만원"
(주)조이라이프,"2,984만원","6,181만원","4,565만원"
(주)알티파트너스,"3,268만원","6,476만원","5,392만원"
(주)비드솔로몬,"2,929만원","6,424만원","4,218만원"
엠즈푸드시스템(주),"3,021만원","5,965만원","5,159만원"
(주)대성문,"4,229만원","8,363만원","7,960만원"
(주)아르케인터내셔날,"3,162만원","6,516만원","5,552만원"
(주)제이디코프,"2,797만원","5,767만원","4,495만원"
㈜쎄듀,"2,915만원","6,267만원","4,769만원"
(주)이지다이아텍,"3,641만원","7,435만원","6,521만원"
씨그마알드리치코리아(유),"4,080만원","8,482만원","7,571만원"
(주)제이숲,"2,835만원","6,253만원","4,377만원"
제네톡스(주),"2,919만원","6,737만원","4,723만원"
(주)브랜드리팩터링,"2,641만원","5,577만원","4,134만원"
(주)DB하이텍,"4,155만원","9,860만원","8,963만원"
엠마슬립코리아 유한회사,"4,006만원","8,155만원","7,122만원"
(주)글로벌이지스,"2,749만원","5,445만원","4,064만원"
(주)하이업엔터테인먼트,"2,884만원","6,679만원","4,653만원"
(주)애니맥스브로드캐스팅코리아,"3,620만원","7,804만원","6,516만원"
(주)화컴,"3,151만원","6,983만원","5,614만원"
(주)엔큐라젠,"4,363만원","7,701만원","7,469만원"
에이치알넷원(주),"3,728만원","7,922만원","6,611만원"
(주)코아띠,"2,970만원","5,795만원","4,324만원"
다슈코리아(주),"3,154만원","6,871만원","5,524만원"
(주)현텍엔바이오,"2,887만원","6,344만원","4,605만원"
(주)에스제이더블유인터내셔널,"2,756만원","6,130만원","4,418만원"
(주)스윗솔루션,"2,045만원","5,007만원","2,776만원"
한국화장품(주),"3,231만원","6,815만원","5,641만원"
현대모비스(주),"4,993만원","11,331만원","12,235만원"
